<?xml version="1.0" encoding="UTF-8"?>

<beans xmlns="http://www.springframework.org/schema/beans"
	xmlns:batch="http://www.springframework.org/schema/batch" 
	xmlns:task="http://www.springframework.org/schema/task"
	xmlns:util="http://www.springframework.org/schema/util" 
	xmlns:xsi="http://www.w3.org/2001/XMLSchema-instance"
	xsi:schemaLocation="http://www.springframework.org/schema/batch
	http://www.springframework.org/schema/batch/spring-batch-2.2.xsd
	http://www.springframework.org/schema/beans 
	http://www.springframework.org/schema/beans/spring-beans-3.2.xsd
	http://www.springframework.org/schema/util 
	http://www.springframework.org/schema/util/spring-util-3.2.xsd">

  <batch:job id="personsJob">
	<batch:step id="step1">
	<batch:tasklet>
		<batch:chunk reader="xmlItemReader" 
			writer="cvsFileItemWriter" processor="itemProcessor"
			commit-interval="10">
		</batch:chunk>
	</batch:tasklet>
	</batch:step>
  </batch:job>

  <bean id="itemProcessor" class="com.cg.SpringBatch.PersonItemProcessor" />

  <bean id="xmlItemReader" 
        class="org.springframework.batch.item.xml.StaxEventItemReader">
	<property name="fragmentRootElementName" value="person" />
	<property name="resource" value="classpath:xml/persons.xml" />
	<property name="unmarshaller" ref="personsUnmarshaller" />
  </bean>

  <bean id="personsUnmarshaller" class="org.springframework.oxm.jaxb.Jaxb2Marshaller">
    <property name="classesToBeBound">
	<list>
		<value>com.cg.SpringBatch.Persons</value>
	</list>
    </property>
  </bean>

  <bean id="cvsFileItemWriter" class="org.springframework.batch.item.file.FlatFileItemWriter">
	<property name="resource" value="file:cvs/persons.csv" />
	<property name="shouldDeleteIfExists" value="true" />

	<property name="lineAggregator">
	  <bean
		class="org.springframework.batch.item.file.transform.DelimitedLineAggregator">
		<property name="delimiter" value="," />
		<property name="fieldExtractor">
		  <bean
			class="org.springframework.batch.item.file.transform.BeanWrapperFieldExtractor">
			<property name="names" value="firstName, lastName, email, age" />
		   </bean>
		</property>
	   </bean>
	</property>
  </bean>

</beans>