<?xml version="1.0" encoding="UTF-8"?>
<beans xmlns="http://www.springframework.org/schema/beans"
	xmlns:batch="http://www.springframework.org/schema/batch" xmlns:xsi="http://www.w3.org/2001/XMLSchema-instance"
	xsi:schemaLocation="http://www.springframework.org/schema/batch 
		http://www.springframework.org/schema/batch/spring-batch-2.2.xsd
		http://www.springframework.org/schema/beans 
		http://www.springframework.org/schema/beans/spring-beans-3.2.xsd
		">

	<import resource="../config/context.xml" />

	<bean id="customer" class="com.cg.BatchSeq.Customer" />
	<bean id="order" class="com.cg.BatchSeq.Order" />
	<bean id="store" class="com.cg.BatchSeq.Store" />

	<job id="readMultiFileJob" xmlns="http://www.springframework.org/schema/batch">

		<step id="step1" next="step2">
			<tasklet>
				<chunk reader="customerItemReader" writer="customerFileItemWriter"
					commit-interval="1" />
			</tasklet>
		</step>
		
		<step id="step2" next="step3">
			<tasklet>
				<chunk reader="storeItemReader" writer="storeFileItemWriter"
					commit-interval="1" />
			</tasklet>
		</step>
		
		<step id="step3">
			<tasklet>
				<chunk reader="orderItemReader" writer="orderFileItemWriter"
					commit-interval="1" />
			</tasklet>
		</step>

	</job>

	<bean id="customerItemReader" class="org.springframework.batch.item.file.FlatFileItemReader">

        <property name="resource" value="file:csv/inputs/customer.csv" />   
		<property name="lineMapper">
			<bean class="org.springframework.batch.item.file.mapping.DefaultLineMapper">

				<property name="lineTokenizer">
					<bean
						class="org.springframework.batch.item.file.transform.DelimitedLineTokenizer">
						<property name="names" value="cid, cname" />
					</bean>
				</property>
				<property name="fieldSetMapper">
					<bean
						class="org.springframework.batch.item.file.mapping.BeanWrapperFieldSetMapper">
						<property name="prototypeBeanName" value="customer" />
					</bean>
				</property>
			</bean>
		</property>

	</bean>
	
	<bean id="storeItemReader" class="org.springframework.batch.item.file.FlatFileItemReader">

        <property name="resource" value="file:csv/inputs/store.csv" />   
		<property name="lineMapper">
			<bean class="org.springframework.batch.item.file.mapping.DefaultLineMapper">

				<property name="lineTokenizer">
					<bean
						class="org.springframework.batch.item.file.transform.DelimitedLineTokenizer">
						<property name="names" value="sid, sname" />
					</bean>
				</property>
				<property name="fieldSetMapper">
					<bean
						class="org.springframework.batch.item.file.mapping.BeanWrapperFieldSetMapper">
						<property name="prototypeBeanName" value="store" />
					</bean>
				</property>
			</bean>
		</property>

	</bean>
	
	<bean id="orderItemReader" class="org.springframework.batch.item.file.FlatFileItemReader">

        <property name="resource" value="file:csv/inputs/order.csv" />   
		<property name="lineMapper">
			<bean class="org.springframework.batch.item.file.mapping.DefaultLineMapper">

				<property name="lineTokenizer">
					<bean
						class="org.springframework.batch.item.file.transform.DelimitedLineTokenizer">
						<property name="names" value="oid, oname" />
					</bean>
				</property>
				<property name="fieldSetMapper">
					<bean
						class="org.springframework.batch.item.file.mapping.BeanWrapperFieldSetMapper">
						<property name="prototypeBeanName" value="order" />
					</bean>
				</property>
			</bean>
		</property>

	</bean>

	<bean id="customerFileItemWriter" class="org.springframework.batch.item.file.FlatFileItemWriter">

		<property name="resource" value="file:csv/outputs/all.csv" />
		<property name="appendAllowed" value="true" />
		<property name="lineAggregator">
			<bean
				class="org.springframework.batch.item.file.transform.DelimitedLineAggregator">
				<property name="delimiter" value="," />
				<property name="fieldExtractor">
					<bean
						class="org.springframework.batch.item.file.transform.BeanWrapperFieldExtractor">
						<property name="names" value="cid, cname" />
					</bean>
				</property>
			</bean>
		</property>

	</bean>
	
	<bean id="storeFileItemWriter" class="org.springframework.batch.item.file.FlatFileItemWriter">

		<property name="resource" value="file:csv/outputs/all.csv" />
		<property name="appendAllowed" value="true" />
		<property name="lineAggregator">
			<bean
				class="org.springframework.batch.item.file.transform.DelimitedLineAggregator">
				<property name="delimiter" value="," />
				<property name="fieldExtractor">
					<bean
						class="org.springframework.batch.item.file.transform.BeanWrapperFieldExtractor">
						<property name="names" value="sid, sname" />
					</bean>
				</property>
			</bean>
		</property>

	</bean>
	
	<bean id="orderFileItemWriter" class="org.springframework.batch.item.file.FlatFileItemWriter">

		<property name="resource" value="file:csv/outputs/all.csv" />
		<property name="appendAllowed" value="true" />
		<property name="lineAggregator">
			<bean
				class="org.springframework.batch.item.file.transform.DelimitedLineAggregator">
				<property name="delimiter" value="," />
				<property name="fieldExtractor">
					<bean
						class="org.springframework.batch.item.file.transform.BeanWrapperFieldExtractor">
						<property name="names" value="oid, oname" />
					</bean>
				</property>
			</bean>
		</property>

	</bean>

</beans>