<?xml version="1.0" encoding="UTF-8"?>
<beans xmlns="http://www.springframework.org/schema/beans" xmlns:batch="http://www.springframework.org/schema/batch" xmlns:xsi="http://www.w3.org/2001/XMLSchema-instance" xsi:schemaLocation="http://www.springframework.org/schema/batch   http://www.springframework.org/schema/batch/spring-batch-2.2.xsd   http://www.springframework.org/schema/beans    http://www.springframework.org/schema/beans/spring-beans-3.2.xsd  ">
   <import resource="../configs/spring-context.xml" />
   <import resource="../configs/spring-datasource.xml" />
   <bean id="persons" class="com.cg.SpringBatch.Persons" scope="prototype" />
   <bean id="itemProcessor" class="com.cg.SpringBatch.PersonsItemProcessor" />
   <batch:job id="personsJob">
      <batch:step id="step1">
         <batch:tasklet>
            <batch:chunk reader="cvsFileItemReader" writer="xmlItemWriter" processor="itemProcessor" commit-interval="10" />
         </batch:tasklet>
      </batch:step>
   </batch:job>
   <bean id="cvsFileItemReader" class="org.springframework.batch.item.file.FlatFileItemReader">
      <property name="resource" value="classpath:cvs/input/persons.csv" />
      <property name="lineMapper">
         <bean class="org.springframework.batch.item.file.mapping.DefaultLineMapper">
            <property name="lineTokenizer">
               <bean class="org.springframework.batch.item.file.transform.DelimitedLineTokenizer">
                  <property name="names" value="firstName,lastName,email,age" />
               </bean>
            </property>
            <property name="fieldSetMapper">
               <bean class="com.cg.SpringBatch.PersonsFieldSetMapper" />               
            </property>
         </bean>
      </property>
   </bean>
   <bean id="xmlItemWriter" class="org.springframework.batch.item.xml.StaxEventItemWriter">
      <property name="resource" value="file:xml/outputs/persons.xml" />
      <property name="marshaller" ref="personsMarshaller" />
      <property name="rootTagName" value="persons" />
   </bean>
   <bean id="personsMarshaller" class="org.springframework.oxm.jaxb.Jaxb2Marshaller">
      <property name="classesToBeBound">
         <list>
            <value>com.cg.SpringBatch.Persons</value>
         </list>
      </property>
   </bean>
</beans>